{"cameraMode":{"drawMode":0,"name":"Shaded","section":"Shading Mode"},"sceneLighting":true,"audioPlay":false,"sceneViewState":{"m_AlwaysRefresh":false,"showFog":true,"showSkybox":false,"showFlares":true,"showImageEffects":true,"showParticleSystems":true,"showVisualEffectGraphs":true,"m_FxEnabled":true},"in2DMode":false,"pivot":{"x":3.1858952045440676,"y":-1.319599986076355,"z":0.6859300136566162},"rotation":{"x":0.09361079335212708,"y":-0.9039459228515625,"z":0.3282317817211151,"w":0.25776925683021548},"size":0.5991803407669067,"orthographic":false}